<?xml version="1.0" encoding="UTF-8" standalone="yes"?>
<addon id="repository.a4ksubtitles"
       name="a4kSubtitles Repository"
       version="1.0.0"
       provider-name="Unknown">
    <extension point="xbmc.addon.repository">
        <info>https://raw.githubusercontent.com/newt-sc/a4kSubtitles/master/packages/addons.xml</info>
        <checksum>https://raw.githubusercontent.com/newt-sc/a4kSubtitles/master/packages/addons.xml.crc</checksum>
        <datadir>https://github.com/newt-sc/a4kSubtitles/archive</datadir>
    </extension>
    <extension point="xbmc.addon.metadata">
        <summary>a4kSubtitles</summary>
        <description>a4kSubtitles Repository</description>
        <platform>all</platform>
    </extension>
</addon>
